<?xml version="1.0" encoding="UTF-8"?>
<project-private xmlns="http://www.netbeans.org/ns/project-private/1">
    <editor-bookmarks xmlns="http://www.netbeans.org/ns/editor-bookmarks/2" lastBookmarkId="0"/>
    <open-files xmlns="http://www.netbeans.org/ns/projectui-open-files/2">
        <group>
            <file>file:/C:/Users/mahac/OneDrive/Desktop/ProjectPhase2/ProjectPhase2/src/projectphase2/DemoShop.java</file>
            <file>file:/C:/Users/mahac/OneDrive/Desktop/ProjectPhase2/ProjectPhase2/src/projectphase2/DessertShop.java</file>
            <file>file:/C:/Users/mahac/OneDrive/Desktop/ProjectPhase2/ProjectPhase2/src/projectphase2/Manager.java</file>
            <file>file:/C:/Users/mahac/OneDrive/Desktop/ProjectPhase2/ProjectPhase2/src/projectphase2/Frame2.java</file>
            <file>file:/C:/Users/mahac/OneDrive/Desktop/ProjectPhase2/ProjectPhase2/src/projectphase2/Frame1.java</file>
            <file>file:/C:/Users/mahac/OneDrive/Desktop/ProjectPhase2/ProjectPhase2/src/projectphase2/Frame3.java</file>
            <file>file:/C:/Users/mahac/OneDrive/Desktop/ProjectPhase2/ProjectPhase2/src/projectphase2/ShopItems.java</file>
            <file>file:/C:/Users/mahac/OneDrive/Desktop/ProjectPhase2/ProjectPhase2/src/projectphase2/NegativeNumberException.java</file>
        </group>
    </open-files>
</project-private>
